{"Spheres":[{"color":[0.93,0.8370000000000001,0.7440000000000001],"emission":[0.0,0.0,0.0],"poistion":[125.0,28.0,62.0],"radius":150.0,"reflection_type":"REFR"},{"color":[0.0,0.0,0.0],"emission":[10.0,10.0,10.0],"poistion":[55.0,-28.0,62.0],"radius":28.0,"reflection_type":"DIFF"},{"color":[0.93,0.93,0.93],"emission":[0.0,0.0,0.0],"poistion":[50.0,28.0,62.0],"radius":300.0,"reflection_type":"SPEC"}]}
